title,company,location,date_posted,description,job_url
1-Year Internship (Dublin),Kraft Heinz,"Blackrock, Dún Laoghaire-Rathdown, Ireland",,,https://www.linkedin.com/jobs/view/4379471086
2026 - 2027 Private Debt Data Management Intern,StepStone Group,"Dublin, County Dublin, Ireland",,,https://www.linkedin.com/jobs/view/4390131613
2026 - 2027 Private Debt Legal Intern,StepStone Group,"Dublin, County Dublin, Ireland",,,https://www.linkedin.com/jobs/view/4390146142
2026 Graduate Programme - Environment - Geotechnical Engineering,WSP in the UK & Ireland,"Naas, County Kildare, Ireland",,,https://www.linkedin.com/jobs/view/4380376678
2026 – 2027 Global Talent Intern,StepStone Group,"Dublin, County Dublin, Ireland",,,https://www.linkedin.com/jobs/view/4390145229
2026 – 2027 Private Debt Platform Treasury Graduate Programme,StepStone Group,"Dublin, County Dublin, Ireland",,,https://www.linkedin.com/jobs/view/4390130788
AI Data Specialist - Irish Gaelic,RWS Group,"Dublin, County Dublin, Ireland",,,https://www.linkedin.com/jobs/view/4363423894
AWS Cloud Consultant,Version 1,"Dublin, County Dublin, Ireland",,,https://www.linkedin.com/jobs/view/4388856829
Account Manager - Water (Remote Position),"Nalco Water, An Ecolab Company","Dublin, County Dublin, Ireland",,,https://www.linkedin.com/jobs/view/4389917500
Accounts Assistant,Clarity Search Partners Ltd,"Dublin, County Dublin, Ireland",,,https://www.linkedin.com/jobs/view/4390149357
Administration Assistant,Vision Ireland,"Naas, County Kildare, Ireland",,,https://www.linkedin.com/jobs/view/4390030200
Air Freight Operations Graduate,DHL Global Forwarding,"Dublin, County Dublin, Ireland",,,https://www.linkedin.com/jobs/view/4390362342
Air Freight Operations Graduate,DHL Freight,"Dublin, County Dublin, Ireland",,,https://www.linkedin.com/jobs/view/4390157689
Analyst Programmer,Dublin City University,"Dublin, County Dublin, Ireland",,,https://www.linkedin.com/jobs/view/4389924157
Apprentice Fire & Security Engineer,Johnson Controls,"Dublin, County Dublin, Ireland",,,https://www.linkedin.com/jobs/view/4363041217
Apprentice HVAC Service Engineer,Johnson Controls,"Dublin, County Dublin, Ireland",,,https://www.linkedin.com/jobs/view/4362236292
Assistant Manager - South Dublin,O'Briens Wines,"Dublin, County Dublin, Ireland",,,https://www.linkedin.com/jobs/view/4390128284
Associate - Insurance Financial Professional Disputes - Dublin,Clyde & Co,"Dublin, County Dublin, Ireland",,,https://www.linkedin.com/jobs/view/4326370332
Associate - Investment Operations - Cash Management & Loan Allocation Reviewer,StepStone Group,"Dublin, County Dublin, Ireland",,,https://www.linkedin.com/jobs/view/4390131615
Associate Account Director Benelux (Dutch/Flemish) - LinkedIn Talent Solutions,LinkedIn,"County Dublin, Ireland",,,https://www.linkedin.com/jobs/view/4389938046
Associate BDR - French and English Speakers [HD],HubSpot,"Dublin, County Dublin, Ireland",,,https://www.linkedin.com/jobs/view/4372792910
Associate BDR - German and English Speaker [HD],HubSpot,"Dublin, County Dublin, Ireland",,,https://www.linkedin.com/jobs/view/4365523694
Associate Director - Temporary Works,Mace,"Dublin, County Dublin, Ireland",,,https://www.linkedin.com/jobs/view/4390342736
"Associate Director, Global Project & Program Manager",Jazz Pharmaceuticals,"Dublin, County Dublin, Ireland",,,https://www.linkedin.com/jobs/view/4388858813
Associate Investment Management,Evelyn Partners,"Dublin, County Dublin, Ireland",,,https://www.linkedin.com/jobs/view/4390357487
Associate Legal Counsel - Privacy and Consumer Protection,Temu,"Dublin, County Dublin, Ireland",,,https://www.linkedin.com/jobs/view/4383229241
Associate Mechanical DC Engineer,Arup,"Dublin, County Dublin, Ireland",,,https://www.linkedin.com/jobs/view/4370831886
Associate QC Micro (24/7),Amgen,"Dublin, County Dublin, Ireland",,,https://www.linkedin.com/jobs/view/4390330983
Associate/Senior Associate - Portfolio Analytics & Reporting,StepStone Group,"Dublin, County Dublin, Ireland",,,https://www.linkedin.com/jobs/view/4390137478
Audit Internship,BDO Ireland,"Dublin, County Dublin, Ireland",,,https://www.linkedin.com/jobs/view/4390608229
Audit and Accounts Senior,UHY Farrelly Dawe White Limited,"Dundalk, County Louth, Ireland",,,https://www.linkedin.com/jobs/view/4390345970
"Backend Engineer/API, Payments and Risk",Stripe,"Dublin, County Dublin, Ireland",,,https://www.linkedin.com/jobs/view/4289317979
Bainisteoir um Chomhtháthú Margaí Amach Anseo - Manager - Market Strategy - Future Markets,EirGrid Group,"Dublin, County Dublin, Ireland",,,https://www.linkedin.com/jobs/view/4390362439
Become a Recruiter: Rewarding Career,Access Healthcare,"Dublin, County Dublin, Ireland",,,https://www.linkedin.com/jobs/view/4390379827
Benefits Associate,Grant Thornton Ireland,"Dublin, County Dublin, Ireland",,,https://www.linkedin.com/jobs/view/4378543436
Brand Protection Advisor,Ecolab,"Dublin, County Dublin, Ireland",,,https://www.linkedin.com/jobs/view/4389919385
Business Analyst,Waystone,"Dublin, County Dublin, Ireland",,,https://www.linkedin.com/jobs/view/4390374558
CNM2 Transplant Coordinator,Beaumont Hospital,"Dublin, County Dublin, Ireland",,,https://www.linkedin.com/jobs/view/4390361482
Chef II,Beaumont Hospital,"Dublin, County Dublin, Ireland",,,https://www.linkedin.com/jobs/view/4390356710
Communications Specialist,Spencer Recruitment,"Dublin, County Dublin, Ireland",,,https://www.linkedin.com/jobs/view/4390337039
Company Secretary,Amicus Search & Recruitment,"Dublin, County Dublin, Ireland",,,https://www.linkedin.com/jobs/view/4390336704
Compliance Officer,Virtu Financial,"Dublin, County Dublin, Ireland",,,https://www.linkedin.com/jobs/view/4365081077
Content Risk Analyst II,GoFundMe,"Dublin, County Dublin, Ireland",,,https://www.linkedin.com/jobs/view/4380729747
Contracts Administrator I,Astreya,"Dublin, County Dublin, Ireland",,,https://www.linkedin.com/jobs/view/4378930453
Corporate Senior Associate (Venture Capital & M&A Focus),Amicus Search & Recruitment,"Dublin, County Dublin, Ireland",,,https://www.linkedin.com/jobs/view/4373293391
"Customer Growth Associate, SBS Scaled, Google Customer Solutions, (Italian)",Google,"Dublin, County Dublin, Ireland",,,https://www.linkedin.com/jobs/view/4379158299
Customer Success Intern (Summer 2026),Okta,"Dublin, County Dublin, Ireland",,,https://www.linkedin.com/jobs/view/4389605366
Czech Content Moderator - Customer Support Agent Lisbon with accommodation,Savior Artigos Texteis Lda,"Dublin, County Dublin, Ireland",,,https://www.linkedin.com/jobs/view/4390032030
Data analyst,Oliver James,"Mullingar, County Westmeath, Ireland",,,https://www.linkedin.com/jobs/view/4389914162
Deal Advisory Trainee,Grant Thornton Ireland,"Dublin, County Dublin, Ireland",,,https://www.linkedin.com/jobs/view/4390002458
Design Engineer,Red Chair Recruitment,"County Louth, Ireland",,,https://www.linkedin.com/jobs/view/4390120740
"Digital Assets Product Management lead, VP",State Street,"Dublin, County Dublin, Ireland",,,https://www.linkedin.com/jobs/view/4386904814
Digital Client Associate - Starcom,Core,"Dublin 2, County Dublin, Ireland",,,https://www.linkedin.com/jobs/view/4390004981
Director Analyst - SAP Licensing (Remote: Europe),Gartner,"Dublin, County Dublin, Ireland",,,https://www.linkedin.com/jobs/view/4389840791
Document Controller,Turner & Townsend,,,,https://www.linkedin.com/jobs/view/4390117982
Dynamics CE & Power Platform Software Developer,DB Recruitment,"Dublin, County Dublin, Ireland",,,https://www.linkedin.com/jobs/view/4380401585
Electrical Engineer,Sensori,"Dublin, County Dublin, Ireland",,,https://www.linkedin.com/jobs/view/4390032152
Electrical Engineer,Mercury,"Dublin, County Dublin, Ireland",,,https://www.linkedin.com/jobs/view/4370414534
Financial Analyst III,Astreya,"Dublin, County Dublin, Ireland",,,https://www.linkedin.com/jobs/view/4378926465
Fund Accounting (Alternatives) Associate 2,State Street,"Dublin, County Dublin, Ireland",,,https://www.linkedin.com/jobs/view/4390392467
Fund Accounting Alternatives - Senior Associate,State Street,"Dublin, County Dublin, Ireland",,,https://www.linkedin.com/jobs/view/4389754283
Global Enhanced Due Diligence (GEDD) Analyst,Citi,"Dublin, County Dublin, Ireland",,,https://www.linkedin.com/jobs/view/4390243995
Graduate Building Surveyors - Dublin (Immediate and Autumn 2026 starts),AECOM,"Dublin, County Dublin, Ireland",,,https://www.linkedin.com/jobs/view/4388695349
Graduate Electrical Engineer,Hays,"Dublin, County Dublin, Ireland",,,https://www.linkedin.com/jobs/view/4390103863
Graduate Health and Safety Consultant - 2026 Graduate Programme (5558),Arup,"Dublin, County Dublin, Ireland",,,https://www.linkedin.com/jobs/view/4379187727
Graduate ICT Infrastructure Engineer - 2026 Graduate Programme (5554),Arup,"Dublin, County Dublin, Ireland",,,https://www.linkedin.com/jobs/view/4390166258
Graduate Medical Sales Representative,Evolve,"Dublin, County Dublin, Ireland",,,https://www.linkedin.com/jobs/view/4390035130
Graduate Surveyor,Tuath Housing Association,,,,https://www.linkedin.com/jobs/view/4390108861
Graduate Technical Services Engineer,Veolia | Water Tech,"Celbridge, County Kildare, Ireland",,,https://www.linkedin.com/jobs/view/4390132137
Highways Project Engineer,Arup,"Dublin, County Dublin, Ireland",,,https://www.linkedin.com/jobs/view/4380570241
Hiring Now! Entry-Level English Teacher (ESL) | No Experience Needed,English 1,"South Dublin, Ireland",,,https://www.linkedin.com/jobs/view/4390301779
Hiring Now! Entry-Level English Teacher (ESL) | No Experience Needed,English 1,"Kildare, County Kildare, Ireland",,,https://www.linkedin.com/jobs/view/4390319153
"Hiring Now! Teach English Overseas with Full Training, Visa Sponsorship & Career Support",English 1,"Drogheda, Ireland",,,https://www.linkedin.com/jobs/view/4390308533
"Hiring Now! Teach English Overseas with Full Training, Visa Sponsorship & Career Support",English 1,"Dundalk, County Louth, Ireland",,,https://www.linkedin.com/jobs/view/4390305592
"Hiring Now! Teach English Overseas with Full Training, Visa Sponsorship & Career Support",English 1,"County Kildare, Ireland",,,https://www.linkedin.com/jobs/view/4390309534
IT Support Analyst,"NFP, an Aon company (Ireland)","Dublin, County Dublin, Ireland",,,https://www.linkedin.com/jobs/view/4370914822
IT Support Analyst (Device Prep),Nostra,"Dublin, County Dublin, Ireland",,,https://www.linkedin.com/jobs/view/4390321203
"Implementation Consultant (SaaS, €75k)",Ingenio Global,"Dublin, County Dublin, Ireland",,,https://www.linkedin.com/jobs/view/4389998802
"Intern, Restructuring",Kroll,"Dublin, County Dublin, Ireland",,,https://www.linkedin.com/jobs/view/4388890093
Investment Corporate Actions Representative III/Associate Analyst,Fidelity Investments,"Dublin, County Dublin, Ireland",,,https://www.linkedin.com/jobs/view/4390010730
Investor Services Senior Analyst,U.S. Bank,"Dublin, County Dublin, Ireland",,,https://www.linkedin.com/jobs/view/4380335421
Junior Accountant,Hays,"Dublin, County Dublin, Ireland",,,https://www.linkedin.com/jobs/view/4390393481
Junior Administrator,Hays,"Dublin, County Dublin, Ireland",,,https://www.linkedin.com/jobs/view/4390117222
Junior Business Analyst - 1 Year FTC,Deloitte,"Dublin, County Dublin, Ireland",,,https://www.linkedin.com/jobs/view/4390615646
Junior Electrical Engineer,MTM Engineering Ltd,"County Meath, Ireland",,,https://www.linkedin.com/jobs/view/4390126665
Junior Health And Safety Officer,Collen Construction,"Dublin 8, County Dublin, Ireland",,,https://www.linkedin.com/jobs/view/4390390066
Junior Production Network Engineer,Google,"Dublin, County Dublin, Ireland",,,https://www.linkedin.com/jobs/view/4390120045
Junior Project Manager - 1 Year FTC,Deloitte,"Dublin, County Dublin, Ireland",,,https://www.linkedin.com/jobs/view/4390610812
Junior Project Planner,King & Moffatt Building Services,"Dublin, County Dublin, Ireland",,,https://www.linkedin.com/jobs/view/4390190321
Junior Recruitment Consultant - Full Training Provided,Archer Recruitment,,,,https://www.linkedin.com/jobs/view/4390388430
Legal Administrator,Amicus Search & Recruitment,"Dublin, County Dublin, Ireland",,,https://www.linkedin.com/jobs/view/4390308778
Legal Executive,Amicus Search & Recruitment,"Dublin, County Dublin, Ireland",,,https://www.linkedin.com/jobs/view/4390333872
Level 1 Onsite Support Agent,Fruition Group,"Dublin, County Dublin, Ireland",,,https://www.linkedin.com/jobs/view/4390140028
M&A Advisory - Associate Director,Interpath,"Dublin, County Dublin, Ireland",,,https://www.linkedin.com/jobs/view/4383105001
M&A Advisory - Manager,Interpath,"Dublin, County Dublin, Ireland",,,https://www.linkedin.com/jobs/view/4383103104
MV Electrical Engineer,GH Engage,"Dublin, County Dublin, Ireland",,,https://www.linkedin.com/jobs/view/4390308241
Manager/Senior Manager - Corporate Tax Consulting (PLC's),PwC Ireland,"Dublin, County Dublin, Ireland",,,https://www.linkedin.com/jobs/view/3679174850
Operations & Supply Chain Associate,Anduril Industries,"Dublin, County Dublin, Ireland",,,https://www.linkedin.com/jobs/view/4380354843
"Operations Associate, GTM Accelerate",Stripe,"Dublin, County Dublin, Ireland",,,https://www.linkedin.com/jobs/view/4361249577
Order Operations Analyst (Dublin),Datadog,"Dublin, County Dublin, Ireland",,,https://www.linkedin.com/jobs/view/4380566157
Patent Paralegal,Elevate,"Dublin, County Dublin, Ireland",,,https://www.linkedin.com/jobs/view/4390352556
Payment risk analyst,RECRUITERS,,,,https://www.linkedin.com/jobs/view/4389622513
Pension and Investment Administrator,Grant Thornton Ireland,"Dublin, County Dublin, Ireland",,,https://www.linkedin.com/jobs/view/4378538494
Person in Charge Social Care Dunshane Co Kildare,Camphill Communities of Ireland,"Kildare, County Kildare, Ireland",,,https://www.linkedin.com/jobs/view/4390024611
Postdoctoral Researcher,Tyndall National Institute,"Dublin, County Dublin, Ireland",,,https://www.linkedin.com/jobs/view/4390342936
Project Engineer - Naas,EPS Group,"Naas, County Kildare, Ireland",,,https://www.linkedin.com/jobs/view/4390109781
QC Analyst,Orion Group,"Carlow, County Carlow, Ireland",,,https://www.linkedin.com/jobs/view/4390375383
QC Microbiology Analyst,QCS Staffing,"Dublin, County Dublin, Ireland",,,https://www.linkedin.com/jobs/view/4378537561
Quality Control Analyst,PSC Biotech® Corporation,"County Carlow, Ireland",,,https://www.linkedin.com/jobs/view/4390371710
"Rack Decomissioning Technician , DCC Communities, DECOM",Amazon Web Services (AWS),"Dublin, County Dublin, Ireland",,,https://www.linkedin.com/jobs/view/4389962346
"Recruiter, Sales Development",MongoDB,"Dublin, County Dublin, Ireland",,,https://www.linkedin.com/jobs/view/4380522002
Research Associate - Chemistry,UNSW,"Dublin, County Dublin, Ireland",,,https://www.linkedin.com/jobs/view/4389197181
Resident Experience Associate,CompassRock International,"Dublin, County Dublin, Ireland",,,https://www.linkedin.com/jobs/view/4390243918
Sales Development Representative Intern,Qualtrics,"Dublin, County Dublin, Ireland",,,https://www.linkedin.com/jobs/view/4371096451
Sales Graduate,DHL Global Forwarding,"Dublin, County Dublin, Ireland",,,https://www.linkedin.com/jobs/view/4390355496
Sanctions Analytics Analyst,PayPal,"Dublin, County Dublin, Ireland",,,https://www.linkedin.com/jobs/view/4378190350
Senior Associate - Fund Accounting,StepStone Group,"Dublin, County Dublin, Ireland",,,https://www.linkedin.com/jobs/view/4390133508
"Senior Associate, Trustee & Depositary ( Depositary Client Management Team)",BNY,"Dublin, County Dublin, Ireland",,,https://www.linkedin.com/jobs/view/4390378464
Senior Business Analyst - 1 Year FTC,Deloitte,"Dublin, County Dublin, Ireland",,,https://www.linkedin.com/jobs/view/4390622155
Senior Depositary Manager,Ocorian,"Dublin, County Dublin, Ireland",,,https://www.linkedin.com/jobs/view/4390365164
Senior Engineer,GMC Utilities Group,"Dublin, County Dublin, Ireland",,,https://www.linkedin.com/jobs/view/4384190160
Senior Financial Accountant,Engage People Recruitment,"Dublin, County Dublin, Ireland",,,https://www.linkedin.com/jobs/view/4390164629
Senior Instrumentation & Controls Engineer - Life Sciences,Jacobs,"Dublin, County Dublin, Ireland",,,https://www.linkedin.com/jobs/view/4379062859
Senior Treasury Analyst,Brightwater Recruitment,"Dublin, County Dublin, Ireland",,,https://www.linkedin.com/jobs/view/4390308108
ServiceNow HRSD Developer (Entry Level),The Clorox Company,"Dublin, County Dublin, Ireland",,,https://www.linkedin.com/jobs/view/4389934620
Software Engineer - Python - Cloud - graduate level,Canonical,"Dublin, County Dublin, Ireland",,,https://www.linkedin.com/jobs/view/4389949945
Staff Product Manager,Productboard,,,,https://www.linkedin.com/jobs/view/4390356783
"Strategy and Operations Associate, Global Business Applied AI",Google,"Dublin, County Dublin, Ireland",,,https://www.linkedin.com/jobs/view/4389819637
Support Worker Days - Homeless Services,Dublin Simon Community,"Dublin, County Dublin, Ireland",,,https://www.linkedin.com/jobs/view/4389292167
Support Worker Nights - Emergency Services,Dublin Simon Community,"Dublin, County Dublin, Ireland",,,https://www.linkedin.com/jobs/view/4390369290
Switch to Recruitment Consulting: Training Provided,Access Healthcare,"Dublin, County Dublin, Ireland",,,https://www.linkedin.com/jobs/view/4390384607
TMS Compliance Lead Analyst,Coinbase,"Dublin, County Dublin, Ireland",,,https://www.linkedin.com/jobs/view/4389944910
Tax Resolutions Senior Associate/Assistant Manager,CBTax,"Dublin, County Dublin, Ireland",,,https://www.linkedin.com/jobs/view/4389864989
Tax Senior,UHY Farrelly Dawe White Limited,"Balbriggan, Fingal, Ireland",,,https://www.linkedin.com/jobs/view/4390369155
Trainee Optical Assistant,Specsavers,"Gorey, County Wexford, Ireland",,,https://www.linkedin.com/jobs/view/4380573622
Trainee Optical Assistant,Specsavers,"Clondalkin, South Dublin, Ireland",,,https://www.linkedin.com/jobs/view/4390261578
Trainee Solicitor,Clark Hill Law,"Dublin, County Dublin, Ireland",,,https://www.linkedin.com/jobs/view/4379014841
Treasury Associate,HedgeServ,"Dublin, County Dublin, Ireland",,,https://www.linkedin.com/jobs/view/4390312590
UX Design Intern,Bentley Systems,"Dublin 2, County Dublin, Ireland",,,https://www.linkedin.com/jobs/view/4390247087
"Vice President - Portfolio Analytics & Reporting, Private Debt",StepStone Group,"Dublin, County Dublin, Ireland",,,https://www.linkedin.com/jobs/view/4390143262
"WBLP Logistics Specialist, Logistics Specialist",Amazon Web Services (AWS),"Dublin, County Dublin, Ireland",,,https://www.linkedin.com/jobs/view/4380391731
Apprentice Mechanical Automation and Maintenance Fitter,Breedon,"Kinnegad, WH, IE",2026-03-25,"### **Description** Have you always had that knack for practical, hands\-on tasks? Did childhood hobbies see you taking things apart and putting them together? Are you often curious about how things are made and why things work? If so, perhaps mechanical maintenance engineering is your career call. Earn as you learn, combining college study for a Level 6 Craft Trade qualification, with industry experience at one the largest independent construction materials group in Ireland \& the UK Breedon is...",https://ie.indeed.com/viewjob?jk=aad38609dbca9f6a
Assistant Manager - South Dublin,O'Briens Wine,"Dublin, D, IE",2026-03-25,"We're on the lookout for an exceptional Assistant Manager to join our dynamic team in one of our South Dublin Stores. At the heart of our business is an unwavering passion, and you will play a vital role in making sure our customers' expectations are not just met, but blown away! Your infectious enthusiasm will leave a lasting impression on everyone you interact with. Assistant Managers are brand ambassadors and leaders in our stores. With a passion for wine, it will be your job to drive sales a...",https://ie.indeed.com/viewjob?jk=76d7c62aaded21bc
Associate Dentist,Redmond Dental Care,"Dublin, D, IE",2026-03-25,"General dentist required for 25\+ year established dental practice on Sutton Cross, Dublin. We are expanding and seeking new associates. Ideal candidate will be experienced in all aspects of dentistry. Special interests and experience an advantage. Job Types: Full\-time, Part\-time Pay: €100\.00\-€300\.00 per hour Work Location: In person",https://ie.indeed.com/viewjob?jk=691b6eb903738624
Associate Director - Temporary Works,Mace Group,"Dublin, D, IE",2026-03-25,"Mace combines construction expertise with consultancy to unlock potential in every person or project and redefine the boundaries of ambition. Our values shape the way we consult and define the people we want to join us on our journey. The project: The project is a generational project providing Dublin and Ireland with a much\-needed world class Metro system to support the fast\-growing population. The project is an 18\.8km fully autonomous Metro system, consisting of 16 stations, 2 significant t...",https://ie.indeed.com/viewjob?jk=520b8d1c331dfe33
Associate Director of Payment Integrity Transformation,Optum,"Dublin, D, IE",2026-03-25,"Optum is a global organization that delivers care, aided by technology to help millions of people live healthier lives. The work you do with our team will directly improve health outcomes by connecting people with the care, pharmacy benefits, data and resources they need to feel their best. Here, you will find a culture guided by diversity and inclusion, talented peers, comprehensive benefits and career development opportunities. Come make an impact on the communities we serve as you help us adv...",https://ie.indeed.com/viewjob?jk=3af33e604a11c117
Associate Investment Management,Evelyn Partners,"Dublin, D, IE",2026-03-25,"**Company Description** ----------------------- Evelyn Partners Europe provides investment management and retirement advice to help clients embrace what’s next for them. We are a team of 15 professionals based in the heart of Dublin, in our modern office overlooking Stephens Green. We are regulated by the Central Bank of Ireland. **Evelyn Partners Group** Evelyn Partners Group is one of the largest UK and Ireland wealth managers ranked by client assets, collectively looking after £68\.6bn of ass...",https://ie.indeed.com/viewjob?jk=165ff82baa21b79b
Audit Internship,BDO,"Dublin, D, IE",2026-03-25,"### **Description** BDO is one of the world’s leading accountancy and advisory organisations, working with clients of every size and across all sectors. But that’s only part of our story. At BDO, you can truly be yourself; we value you as an individual, support your ambitions, and ensure your voice is heard. Your opinion counts, and the contribution you make matters. We recognise and reward high performance, offering clear expectations, meaningful development, and opportunities to excel, progres...",https://ie.indeed.com/viewjob?jk=ffb0f7c5e94c8ebb
Basic Grade Physiotherapist,Tallaght University Hospital,"Tallaght, D, IE",2026-03-25,"**Job Title: Basic Grade Physiotherapist** **Reference No: 03\.025 (2026\)** **Department / Directorate: Physiotherapy Department, COO Directorate** **Reports to: Physiotherapist Manager\-in\-Charge III or Deputy** Tallaght University Hospital (TUH) is a model 4, voluntary, academic teaching hospital partnered with Trinity College and situated in south west Dublin. With a staff of over 4,000 people from 63 different countries, it provides both acute and tertiary care to an increasing population...",https://ie.indeed.com/viewjob?jk=ce7f8169e1631090
Business Development Manager,IMAC Construction Services Ltd,"Gormanston, MH, IE",2026-03-25,"Gormanston Park (www.gormanstonpark.ie) is seeking to recruit an experienced Business Development Manager to play a key role in delivering new business and enhancing existing business lines to provide first class facilities and services to our clients. **The Role** Reporting to our General Manager, the Business Development Manager will assist with the preparation of, and manage the execution of, a plan to secure new and develop existing business in our key service areas consistent with targets s...",https://ie.indeed.com/viewjob?jk=6100643dc1ad7a55
CNM2 Transplant Coordinator,Beaumont Hospital,"Dublin, D, IE",2026-03-25,"Overview: **Post Title:**CNM 2 Transplant Coordinator **Post Status:**Permanent **Department**TUN Directorate **Location:**Beaumont Hospital, Dublin 9 **Reports to:**CNM 3/ DNM **Salary:**Appointment will be made on Clinical Nurse Manager 2 Grade (€62,078 \- €78,443\) at a point in line with Government pay policy **Hours of work:**Full Time, 37\.5 hours per week **Closing Date:**Wednesday 8th April 2026 @ 12Noon ***Please note the hospital reserves the right to close the competition early should...",https://ie.indeed.com/viewjob?jk=fe28732bea85e4f4
Chef De Partie,JVJS Limited TA Eire Immigration Services,"Dublin, D, IE",2026-03-25,"EURASIA EXPRESS IRELAND DISTRIBUTION LIMITED are looking for professional/energetic, full\-time chefs (Chef De Partie\-5 positions) for our kitchen to develop and produce South Indian Products. Someone with high standards, attention to detail is a must. We are a growing business looking for the hardworking professional to join our team. This is a full\-time job for 39 hours so no student visas or part\-time or no experience applications please. Our Kitchen is located in Unit 7 The Junction Great...",https://ie.indeed.com/viewjob?jk=df51efefb5f8df6b
Clinical Project Manager (CPM),CANCER TRIALS IRELAND,"Dublin, D, IE",2026-03-25,"**Key Requirements** 1\. Science and/or medical or nursing background. 2\. Minimum 5 years Clinical Research experience, oncology an advantage, with 4 years’ of project management experience in the clinical trial industry, with a proven track record in managing multi\-center studies. 3\. Proven ability to deliver project goals and mentor junior level employees. 4\. In\-depth knowledge of the Irish clinical trials environment. 5\. Experience with drafting and managing Clinical Trial budgets an ad...",https://ie.indeed.com/viewjob?jk=9b0b3bb9055b8f17
Digital Client Associate - Starcom,CORE,"Dublin, D, IE",2026-03-25,"#### **The Role** **OVERVIEW** This role will focus on the administration of Display, Social and Partnerships and will support the digital teamin the day\-to\-day functioning of client campaigns across all digital channels. The Digital Client Associate’s role will focus on the implementation of digital campaigns that are highly integrated into the rest of the client’s strategy. This will also involve ongoing reporting and monitoring of campaigns ensuring activity delivers as planned. A strong wo...",https://ie.indeed.com/viewjob?jk=c211b831da672b73
Document Controller,Turner & Townsend Pty Limited,"Dublin, D, IE",2026-03-25,"**Company Description** Turner \& Townsend is a global professional services company with over 22,000 people in more than 60 countries. Working with our clients across real estate, infrastructure, energy and natural resources, we transform together delivering outcomes that improve people’s lives. Working in partnership makes it possible to deliver the world’s most impactful projects and programmes as we turn challenge into opportunity and complexity into success. Our capabilities include program...",https://ie.indeed.com/viewjob?jk=5c7a414d8865d80b
Electrical Engineer,Sensori,"Dublin, D, IE",2026-03-25,"Sensori is seeking a handson **Electrical Engineer / Building Services Engineer** to lead electrical delivery on construction and fitout projects. The role combines site supervision, technical design contribution, BIM coordination and team leadership to ensure safe, ontime and highquality installation of electrical and building services systems. **Key Responsibilities** * Supervise and motivate site teams, subcontractors and apprentices, providing onthejob coaching and performance evaluations. *...",https://ie.indeed.com/viewjob?jk=aa2bf5c9fa66f111
Engineering Coordinator,Hanley Energy,"Dundalk, LH, IE",2026-03-25,"**Company Profile:** Hanley Energy is a multi\-award\-winning innovator and system integrator, delivering critical power and energy management solutions globally. Hanley Energy offers a comprehensive range of products, solutions and services encompassing electrical design, production, software controls, consulting, project management and training. Hanley Energy’ Global Competency Centre (GCC) is situated in Stamullen, Co. Meath, Ireland with additional facilities in Kingscourt, Co. Cavan \& Dund...",https://ie.indeed.com/viewjob?jk=918edb1fd8fb82d3
Equipment Engineer,Baxter,"Dublin, D, IE",2026-03-25,"**Req \#** JR \- 198758 **Location** Dublin, Leinster, Ireland **Job Category** Engineering **Date posted** 03/25/2026 Apply Now Join Our Talent Community Overview Being an Engineer at Baxter means you play a critical role in helping us achieve our mission to save and sustain lives. From innovative product design through to production and patient delivery, our Engineers are key to delivering results for our customers and patients worldwide. Support for Parents Continuing Education/ Professional...",https://ie.indeed.com/viewjob?jk=8e41af661ff18ade
Field Service Technician ( 6 Month Contract),Dairyglen Products,"Dundalk, LH, IE",2026-03-25,"Due to continued expansion Dairyglen Products are looking to recruit a Field Service technician to join our rapidly expanding team. This is initially a fulltime 6 month Contract ( Mon\- Friday) with the possibility of fulltime permanent role from September . This is an exciting opportunity for an enthusiastic, self\-motivated, individual who may be mechanically minded and is looking for a new direction with their career with a progressive team . **Description** Candidates will be cleaning \& mai...",https://ie.indeed.com/viewjob?jk=fafc823b67cd2275
Full-Time Sales Assistant with Retail Apprenticeship Opportunity,O'Briens Wine,"Dublin, D, IE",2026-03-25,"Are you looking for full\-time work while expanding your knowledge and skills in the retail sector? If so, this could be the perfect opportunity for you. O'Brien's Wine has partnered with Retail Skillnet to offer a two\-year Retail Apprenticeship Programme designed for individuals who show the potential to progress into a supervisory or management role within O'Brien's. This programme combines practical, on\-the\-job experience with structured learning, helping you build the skills, attitude, an...",https://ie.indeed.com/viewjob?jk=83b741577acc2cc9
Fund Accounting (Alternatives) Associate 2,State Street,"DUBLIN 2, D, IE",2026-03-25,"**Who are we looking for?** **You!** As part of our current operations in Ireland we have a number of roles at **graduate and entry level** available within our Fund Accounting Group. **What we can offer you?** We are the largest financial administrator in Ireland, servicing global market leading clients across a variety of product types including ETFS, CCFs, Multi Manager funds, Fund of Funds, Alternative UCITS, Private Equity and Real Estate Funds. With us, you have the opportunity to develop...",https://ie.indeed.com/viewjob?jk=da21f5b0d0d8b3d9
Fund Services - Client Solutions Associate/AVP,JPMorganChase,"DUBLIN 2, D, IE",2026-03-25,"**JOB DESCRIPTION** Are you looking for an exciting opportunity to join a dynamic and growing team in a fast paced and challenging area? This is a unique opportunity for you to work in the Client Solutions team to partner with the Business to provide a comprehensive view of our products. **Job Summary:** As a Solutions Associate within the Client Solution team at J.P. Morgan, you will play a critical role in ensuring that deals are executed and onboarded efficiently and on time to maximize reven...",https://ie.indeed.com/viewjob?jk=6ce07aa849bad63a
Fundraising Ambassador - Make Your Work Matter,CPM,"Kildare, KE, IE",2026-03-25,"**Looking for more than just a job?** Want to earn well, build confidence, and make a real difference every day? Join **Médecins Sans Frontières (Doctors Without Borders)** as a **Face‑to‑Face Fundraising Ambassador**, representing one of the world’s most trusted humanitarian organisations. You’ll be out in local neighbourhoods, having real conversations, sharing MSF’s life‑saving work, and inspiring people to support medical care where it’s needed most. **PLEASE NOTE:** A **full driving licence...",https://ie.indeed.com/viewjob?jk=30b8cdac6f6f983d
Fundraising Ambassador - Make Your Work Matter,CPM,"Dublin, D, IE",2026-03-25,"**Looking for more than just a job?** Want to earn well, build confidence, and make a real difference every day? Join **Médecins Sans Frontières (Doctors Without Borders)** as a **Face‑to‑Face Fundraising Ambassador**, representing one of the world’s most trusted humanitarian organisations. You’ll be out in local neighbourhoods, having real conversations, sharing MSF’s life‑saving work, and inspiring people to support medical care where it’s needed most. **PLEASE NOTE:** A **full driving licence...",https://ie.indeed.com/viewjob?jk=e7df502ec38dd197
Fundraising Ambassador - Make Your Work Matter,CPM,"Port Laoise, LS, IE",2026-03-25,"**Looking for more than just a job?** Want to earn well, build confidence, and make a real difference every day? Join **Médecins Sans Frontières (Doctors Without Borders)** as a **Face‑to‑Face Fundraising Ambassador**, representing one of the world’s most trusted humanitarian organisations. You’ll be out in local neighbourhoods, having real conversations, sharing MSF’s life‑saving work, and inspiring people to support medical care where it’s needed most. **PLEASE NOTE:** A **full driving licence...",https://ie.indeed.com/viewjob?jk=8575ee39b5fbfa4a
Graduate ICT Infrastructure Engineer - 2026 Graduate Programme,Arup,"Dublin, D, IE",2026-03-25,"### **See it differently** You see the world through a unique lens and that’s exactly what we need. We embrace how you see things differently – it’s essential for creating a sustainable future. Arup is a global consultancy with advisory and technical expertise across more than 150 disciplines. We guide, plan and design the future of the built environment. Globally, each year we recruit hundreds of graduates to help us see things differently and solve the most complex challenges facing our client...",https://ie.indeed.com/viewjob?jk=e6418070589f12b2
Graduate Mechanical Design Engineer,Greatech Integration (Ireland) Ltd.,"Blanchardstown, D, IE",2026-03-25,"**Responsibilities:** * Designing bespoke automation equipment for use within medical device sector * Working with our senior design team to bring innovative concepts to life through CAD modelling, prototyping and detailed specification for manufacture. * Use solidworks to develop complex multi\-part CAD assemblies and output detailed specification drawings for our in\-house tooling department. * Accompanying the senior team with client presentations, project reviews and helping to maintain our...",https://ie.indeed.com/viewjob?jk=7175422661db2d3d
Graduate Technical Services Engineer,Veolia,"Celbridge, KE, IE",2026-03-25,"**Company Description** Are you looking for a **meaningful experience** with high stakes in your company? And you’d like to work in a company **committed to the environment**? Join Veolia! **Veolia** aims to be the benchmark company for ecological transformation. Our mission to “Resource the world” demonstrates the unwavering commitment of our 220,000 employees to creating a positive impact for our planet. By joining **Veolia Water Technologies,** not only will you become a Resourcer, but you wi...",https://ie.indeed.com/viewjob?jk=4c55a97ad1868e8b
HR Graduate as a HR Advisor (office based),The HR Company,"Sandyford, D, IE",2026-03-25,"The HR Company, B2E Ltd, specialists in Employment Law is one of the most dynamic growing companies in its sector. We are seeking to hire a HR Advisor/Graduate to join our team. We provide Employment Law Advice and HR Compliance to SME’s, over the phone and on email. The service is a remote HR department on call! The role is very varied and hugely interesting. The successful candidate will support a number of SME’s to ensure they are fully HR complaint at all times. * 3rd level qualification * K...",https://ie.indeed.com/viewjob?jk=cc3eb1915e834002
Junior Applications Engineer,Greatech Integration (Ireland) Ltd.,"Blanchardstown, D, IE",2026-03-25,"We are currently recruiting for a **Junior Application Engineer** to join our Sales Division on a full time, permanent contract which will be based in our Head Office in Dublin 15\. The successful candidate will be responsible for servicing existing accounts, along with developing new business and growing market share. **Principal Accountabilities:** * Support the targets and objectives of the Sales Team. * Maintain and enhance existing customer relationships, ensuring timely and professional re...",https://ie.indeed.com/viewjob?jk=7eab8ea3a41bb73a
Junior Business Analyst - 1 Year FTC,Deloitte,"Dublin, D, IE",2026-03-25,"**Deloitte is the biggest professional services Firm in the world and making an impact is more than just what we do: it’s why we’re here. We’re driven to create positive progress for our clients, community, people, and the planet. This sense of purpose inspires us to work to the highest standards, to tackle the challenges that matter.***Joining us means becoming part of a Consulting team that’s at the top of its game and growing. Working with the best people and technology in the market, you’ll...",https://ie.indeed.com/viewjob?jk=bb9b7f7c3b3d6220
Junior Electrical Engineer,MTM Engineering Ltd,"Slane, MH, IE",2026-03-25,"MTM Engineering has an exciting opportunity for a Junior Electrical Engineer or a recent university graduate with a passion for Electrical Engineering to join our dynamic team. This role provides an excellent opportunity to kick\-start your career in the electrical engineering industry, working on cutting\-edge projects across Ireland, the UK, and Mainland Europe. **The Role** As a Junior Electrical Engineer at MTM Engineering, you will be involved in the delivery of critical infrastructure proj...",https://ie.indeed.com/viewjob?jk=2751585b5b51d341
Junior Production Network Engineer,Google,"Dublin, D, IE",2026-03-25,"### **Minimum qualifications:** * Bachelor's degree in Computer Science, Engineering, a related field, or equivalent practical experience. * 1 year of experience with network routing protocols, design, and troubleshooting with network equipment providers. * Experience in one or more programming languages such as C\+\+, Go, or Python. ### **Preferred qualifications:** * Experience with planning and designing networks (e.g., multiple sites, multiple products, etc.). * Experience with operational c...",https://ie.indeed.com/viewjob?jk=b85ab3bae943420d
Junior Project Manager - 1 Year FTC,Deloitte,"Dublin, D, IE",2026-03-25,"**Deloitte is the biggest professional services Firm in the world and making an impact is more than just what we do: it’s why we’re here. We’re driven to create positive progress for our clients, community, people, and the planet. This sense of purpose inspires us to work to the highest standards, to tackle the challenges that matter.***Joining us means becoming part of a Consulting team that’s at the top of its game and growing. Working with the best people and technology in the market, you’ll...",https://ie.indeed.com/viewjob?jk=b678208fb3fe6ff7
Landscape Horticulturalist (City),O'Brien Landscaping,"Dublin, D, IE",2026-03-25,"**Who we're looking to recruit** We're looking for a passionate horticulturist with an interest in the establishment, maintenance and development of urban planting schemes **What you'll do...** You will work with existing teams maintaining a range of urban landscape sites in the Dublin city centre. This will involve a diverse range of plant care activities including pruning, cutting, weed management, watering, feeding, planting and mowing. **Job locations** Dublin city centre with ocasional work...",https://ie.indeed.com/viewjob?jk=c8f0c3146959c760
"Network Cabling Quality Program Manager , GND QA",Amazon.com,"Dublin, D, IE",2026-03-25,"**DESCRIPTION** --------------- AWS Infrastructure Services (AIS) designs, plans, delivers, and operates all AWS global infrastructure. We keep the cloud running by supporting AWS data centers and the servers, storage, networking, power, and cooling equipment that give customers continual access to innovation. We solve complex problems with thousands of variables impacting the supply chain. You'll join software, hardware, and network engineers, supply chain specialists, security experts, operati...",https://ie.indeed.com/viewjob?jk=6a7a872bec1af15f
Office Junior,Hibernia steel Products,"Slane, MH, IE",2026-03-25,"**Job Title: Junior Office Administrator** **Location:** Hibernia Steel Products Limited, Grangegeeth, Co. Meath **Job Type:** Full Time on site **About Hibernia Steel** Hibernia Steel is a leading Irish steel stockholding, processing and fabrication company supplying the construction, engineering, manufacturing and data centre sectors. With a strong focus on quality, service and operational excellence, we continue to grow across Ireland and the UK. **Role Overview** We are seeking a motivated a...",https://ie.indeed.com/viewjob?jk=d7fa826d4a78d49a
On-street Parking Attendant - Co. Kildare - 20- 40 hours per week,APCOA,"Newbridge, KE, IE",2026-03-25,"### **The Role** **On\-street Parking Attendant \- Co. Kildare \- 20\- 40 hours per week \- €14\.15 per hour – Driving License Required** **Fancy a job outdoors?** **Do you like to get your 10,000 steps every day? Are you over 21 years old (for insurance purposes)?** Think of all that fresh air and exercise plus being able to have a positive impact in your local area in your new role. As this is a **customer focused role**, no two days will be the same. Do you have the customer services skills a...",https://ie.indeed.com/viewjob?jk=1a4b43d868efb070
Pipeline Administrator,Irish Pensions & Finance,"Clonee, MH, IE",2026-03-25,"**Pipeline Administrator** Irish Pensions \& Finance is an established pension brokerage working mostly with the Public Sector. We have over 30,000 clients and run over 150 Group AVC Schemes. We require an ambitious, career\-driven Sales Pipeline Administrator to join our team. **The Role:** * You will be working directly with 75 Financial Advisors \- Applicants must have excellent communication and problem\-solving skills * Processing and vetting all new Retirement Claims, ARF’s \& Annuities at...",https://ie.indeed.com/viewjob?jk=7b8ec70c07528ada
Quality Systems Specialist,Baxter,"Dublin, D, IE",2026-03-25,"**Req \#** JR \- 198270 **Location** Dublin, Leinster, Ireland **Job Category** Quality **Date posted** 03/25/2026 Apply Now Join Our Talent Community Overview This is where you make a difference in our patients’ safety. As a member of the Baxter Quality team, you will play an essential part in our mission of saving and sustaining lives. Quality is important throughout the entire product lifecycle and works collaboratively with all areas of the organization. Because Quality touches everything Ba...",https://ie.indeed.com/viewjob?jk=5b4bd6013299ef0a
Scaffolders Basic & Advanced,Summitscaffolding,"Dublin, D, IE",2026-03-25,Join our team!! We are currently recruiting for the following positions: Basic \& Advanced Scaffolders Van included Areas of work: Leinster areas Job Type: Full\-time Schedule: * Monday to Friday with the possibility of overtime hours Supplemental pay types: * Overtime pay Licences required based on the position applied for: * Manual handling (Required for all positions) * Safe Pass (Required for all positions) * CSCS Advanced Scaffold Card (Required when applying for Advanced Position) * CSCS B...,https://ie.indeed.com/viewjob?jk=b196f7dc7fbf17d5
Senior Bartender (Full Time),The Hairy Lemon,"Dublin, D, IE",2026-03-25,"The Hairy Lemon are currently seeking an experienced Full Time Senior Bartender to join our team. Key Responsibilities: * Delivering consistently high standards of customer service * Leading bar service during busy periods and supporting junior bartenders * Maintaining excellent product knowledge across cocktails, spirits, wines, and beers * Take orders efficiently and manage customer interactions professionally * Handle cash and card payments accurately, including end\-of\-shift balancing * Mai...",https://ie.indeed.com/viewjob?jk=cf3b237103b4e8f1
Senior Business Analyst - 1 Year FTC,Deloitte,"Dublin, D, IE",2026-03-25,"**Deloitte is the biggest professional services Firm in the world and making an impact is more than just what we do: it’s why we’re here. We’re driven to create positive progress for our clients, community, people, and the planet. This sense of purpose inspires us to work to the highest standards, to tackle the challenges that matter.***Joining us means becoming part of a Consulting team that’s at the top of its game and growing. Working with the best people and technology in the market, you’ll...",https://ie.indeed.com/viewjob?jk=4b2cb1d03f072f52
Senior Chef de Partie,Jack Jordans,"Rathmines, D, IE",2026-03-25,"We are seeking a skilled and enthusiastic Senior chef de partie to become a key part of our dynamic kitchen team in Dublin. **Key Responsibilities** * Prepare, cook, and present dishes consistently to a high standard in line with our menu. * Take ownership of your designated section and ensure smooth operation during service. * Contribute ideas for new dishes, menu updates, and seasonal offerings. * Maintain strict adherence to food safety, hygiene, and HACCP regulations. * Support and mentor ju...",https://ie.indeed.com/viewjob?jk=012c80c23335edb4
Senior Front End Developer,Citco,"Dublin, D, IE",2026-03-25,"**Senior Developer** About the Role: You will be working in a cross\-functional team, using agile methodologies to build on\-prem and cloud native applications for the financial services industry. We are looking for true team players who can work beyond their specialty to help the team deliver. Every team member is responsible for the quality of the product and should be willing to work on any tasks needed, be it front\-end, back end, test automation, deployment automation, etc… The succesful ca...",https://ie.indeed.com/viewjob?jk=0545fa861d5cbc38
Senior Grade Speech and Language Therapist - CDNT,St. Michaels House,"Dublin, D, IE",2026-03-25,"Dublin, IrelandPart\-time, Permanent€ 64,551 \- 76,007 Fluent EnglishClosing date: April 10, 2026 11:00 AM **Who We Are** -------------- St. Michael’s House provides a comprehensive range of services and supports to men, women, and children with disabilities and their families in 170 locations in the greater Dublin Area. It supports 1,953 people and this has an impact on thousands of family members. St. Michael’s House is a company funded by the Health Service Executive (HSE), TUSLA and the Depa...",https://ie.indeed.com/viewjob?jk=c113dd9ceeb1f2dd
Senior Mechanical Engineer,Arup,"Dublin, D, IE",2026-03-25,"Mechanical Engineering Europe Region DUB0000LE **Shape a future with purpose at Arup in Dublin.** **Design the future of sustainable buildings.** Arup’s purpose, shared values and collaborative approach has set us apart for over 75 years, guiding how we shape a better world. Our Building Engineering team sits at the heart of Arup's commitment to sustainable development. We engineer innovative solutions that minimize environmental impact while creating comfortable, healthy, and high\-performing s...",https://ie.indeed.com/viewjob?jk=42d012af3c010647
Senior Spa Therapist,Sandman Hotel Group,"Portmarnock, D, IE",2026-03-25,**JOB TITLE:** Senior Spa Therapist **REPORT TO:** Spa Manager **SCOPE AND GENERAL PURPOSE OF THE JOB** To provide professional and engaging wellness therapies and massage therapies to clients. To provide a variety of treatments to clients and ensuring the highest standards of guest care and customer satisfaction are always maintained. **QUALITY STANDARDS** * To carry out all tasks in accordance with procedures as outlined in the Department Standards Manual. * To answer the telephone and to hand...,https://ie.indeed.com/viewjob?jk=65f8cce6da5a14df
Senior Structural Design Engineer,Stemtech Consulting Engineers,"Sandyford, D, IE",2026-03-25,"**Job Title: Senior Structural Design Engineer (STEM Consulting Engineers)** **Location:** Sandyford Office and option for Hybrid/Remote (Ireland\-based) **Experience:** 5–10 Years **Company Culture:** Collaborative, Ethical, and Growth\-Oriented **About the Opportunity** Are you a driven Structural Engineer looking to move beyond the ""cog in the machine"" role? **STEM Consulting** is a young, dynamic Irish engineering consultancy experiencing rapid growth, with offices in both **Ireland and Pola...",https://ie.indeed.com/viewjob?jk=d81321e8955e6aba
Social Care Worker,Orchard Care Group,"Dublin, D, IE",2026-03-25,#### **About the Role** Orchard Fostering is an Irish company established in 2008 that provides fostering and supported lodging services to children and young people who are referred to its service by TUSLA. Orchard Fostering is committed to service excellence and ensuring the best outcomes for children and young people in its care. We currently have an opportunity for a part time Social Care Worker to join our team to support our service 32 hours per week. The post holder will report directly t...,https://ie.indeed.com/viewjob?jk=0418c036c311dfb4
Social Care Worker,Gheel Autism Services,"Dublin, D, IE",2026-03-25,"**Join Our Team at Gheel Autism Services** **Social Care Worker/Autism Practitioner – Living Options** * Location: North Dublin \- North Circular Road * Contract: Permanent Contract \- Residential Roster, sleepover shifts expected. * Salary Range: €37,096 – €53,674 pro rata per annum based on experience. * Salary Growth: Sector\-wide pay agreement will provide for a 2% increase from the 1st of April 2026\. * Driving Licence: Full, clean licence required Are you passionate about making a meaningf...",https://ie.indeed.com/viewjob?jk=3551221c59876ca4
Social Care Worker/ Autism Practitioner,Gheel Autism Services,"Greystones, WW, IE",2026-03-25,"**Join Our Team at Gheel Autism Services \-Day Services Model** **Social Care Worker / Autism Practitioner – Permanent contract** * Location: South Dublin, Greystones * Salary Range: €37,096 – €53,674 per annum. * Salary Growth: Sector\-wide pay agreement will provide for a 2% increase from the 1st of April 2026\. Are you passionate about making a meaningful difference in the lives of individuals with autism? Do you have experience in the social care or disability sector and a commitment to pers...",https://ie.indeed.com/viewjob?jk=229424f506d67570
Social Care Worker/ Autism Practitioner,Gheel Autism Services,"Milltown, D, IE",2026-03-25,"**Join Our Team at Gheel Autism Services** **Social Care Worker/Autism Practitioner – Day Services, South Dublin** * Location: Milltown Day Services * Contract: Permanent full\-time (39 hours/week) * Salary Range: €37,096 – €53,674 per annum. * Salary Growth: Sector\-wide pay agreement will provide for a 2% increase from the 1st of April 2026\. **Who We Are** At Gheel Autism Services, we are dedicated to supporting individuals with autism through their life journey. Our mission is to enable peop...",https://ie.indeed.com/viewjob?jk=4a41718ef883eb23
Social Care Worker/ Autism Practitioner,Gheel Autism Services,"Dublin, D, IE",2026-03-25,"**Social Care Worker/ Autism Practitioner** =========================================== **North Dublin** ---------------- ### **Specified Purpose Contract** **Join Our Team at Gheel Autism Services \-Day Services Model** **Social Care Worker / Autism Practitioner** * Location: North Dublin \- Fairview * Contract: Specific purpose contract * Salary Range: €37,096 – €53,674 per annum. * Salary Growth: Sector\-wide pay agreement will provide for a 2% increase from the 1st of April 2026\. Are you pa...",https://ie.indeed.com/viewjob?jk=83aacdb51c75b5ed
"The Associate Director, Linux/Unix Admin",IQVIA,"Dublin, D, IE",2026-03-25,"Dublin, Ireland \| Full time \| Hybrid \| R1528022 The Assoc Dir, Linux/Unix Admin role is responsible for the management and support of the Linux and Unix servers under the management of the IQVIA CIO Cloud Services organization. This includes OS installation, configuration, upgrades, patching, backup and recovery, disaster recovery, migrations, monitoring, and performance tuning both on\-premise and in cloud environments. The role is also responsible for working with internal and external cust...",https://ie.indeed.com/viewjob?jk=836e0b0f8bdf6fc6
Trainee Optical Assistant,Specsavers,"Clondalkin, D, IE",2026-03-25,"**Specsavers, Clondalkin** Trainee Optical Assistant So, you’re a proactive people person, passionate about retail and offering the best customer service? Sounds like you’d be a great fit here. So, if you’ve ever considered a career in optics, this Trainee Optical Assistant role could be perfect for you. As a Trainee Optical Assistant, you don’t need to have previous experience, you just need to be prepared to create an outstanding store environment for both our customers and our team, making su...",https://ie.indeed.com/viewjob?jk=1e3ed3d082050ac1
Warehouse Associate,EOS IT Solutions,"Swords, D, IE",2026-03-25,"**WHO WE ARE:** EOS IT Solutions is a Global Technology and Logistics company, providing Collaboration and Business IT Support services to some of the world's largest industry leaders, delivering forward\-thinking solutions based on multi\-domain architecture. Customer satisfaction and commitment to superior quality of service are our top business priorities, along with investing in and supporting our partners and employees. We are a true International IT provider and are proud to deliver our se...",https://ie.indeed.com/viewjob?jk=60fba9f2bea84673
Warehouse Operative,Micro Hydraulics Ltd,"DUBLIN 24, D, IE",2026-03-25,"Micro Hydraulics have vacancies in our order picking area **Duties :** In this role, you will mainly be picking and packing orders. Creating paperwork to go with orders, and booking shipments via courier portal. Dealing with incoming shipments . Putting parts into stock, and **driving a forklift**. Full training will be provided to maintain our high standards. You will work as part of a team in a busy production and warehouse area. **Education / License Requirements:** · Junior Cert completed ....",https://ie.indeed.com/viewjob?jk=4f6e8d69cfd70088
Architectural Graduate,RIAI,"Dublin, D, IE",2026-03-24,"Location: Dublin Employer's Address 24 The Crescent, Monkstown, Co. Dublin Closing Date: 21 Apr 2026 Employer's Website https://www.studioduffy.ie/ Employer's Email careers@studioduffy.ie Job Description Studio Duffy is seeking a motivated Architectural Graduate to join our Dublin studio. This is an opportunity to gain meaningful experience across a range of well\-considered projects, working as part of a close\-knit and supportive team. The Job You will assist in the development and delivery of...",https://ie.indeed.com/viewjob?jk=055750834d4594f1
"Associate Director, Global Project & Program Manager",Jazz Pharmaceuticals,"Dublin, D, IE",2026-03-24,"**If you are a current Jazz employee please apply via the Internal Career site.** Jazz Pharmaceuticals is a global biopharma company whose purpose is to innovate to transform the lives of patients and their families. We are dedicated to developing life\-changing medicines for people with serious diseases — often with limited or no therapeutic options. We have a diverse portfolio of marketed medicines, including leading therapies for sleep disorders and epilepsy, and a growing portfolio of cancer...",https://ie.indeed.com/viewjob?jk=5c811db41dc655dc
Associate Project Manager,Hitachi Energy,"DUBLIN 22, D, IE",2026-03-24,"**Description** At Grid \& Power Quality Solutions and Service business at Hitachi Energy in Europe (HBUEU), Inclusion drives our culture of innovation and collaboration. Our leading technology and strong market position enable us to achieve growth targets in the energy transition across current and growing market segments such as hydrogen, data centers and e\-mobility. Hitachi Energy has an exciting opportunity for an Associate Project Manager, to lead on the execution of projects and ensures t...",https://ie.indeed.com/viewjob?jk=eeb2822ca0419e74
Associate QC Micro (24/7),Amgen,"Dublin, D, IE",2026-03-24,"This role will support manufacturing operations on a 24/7 shift pattern and may include extended hours. **Specific Job Duties:** * Environmental Monitoring of Grade 8/9 Cleanrooms * Environmental Monitoring of Grade 5/7 Cleanrooms \& Isolators * Reading of Environmental Monitoring Plates * Bioburden testing of water \& disinfectants * Water sampling * Testing of In Process samples such as pH * Initiate and/or implement changes in controlled documents. * Participate in audits, initiatives, and pr...",https://ie.indeed.com/viewjob?jk=6bd3d07f2ea729ef
Junior Associate – Investment Risk,Waystone,"Dublin, D, IE",2026-03-24,"Waystone leads the way in specialist services for the asset management industry. Partnering with institutional investors, investment funds and asset managers, Waystone builds, supports and protects investment structures and strategies worldwide. With over 20 years’ experience and a comprehensive range of specialist services to its name, Waystone is now serving assets under management in excess of $2Tn. Waystone provides its clients with the guidance and tools to allow them to focus on managing t...",https://ie.indeed.com/viewjob?jk=1b68534be69962cc
Kitchen Steward,Marriott International,"Dublin, D, IE",2026-03-24,"**Additional Information** **Job Number**26036833 **Job Category**Food and Beverage \& Culinary **Location**The Shelbourne Autograph Collection, 27 St. Stephen's Green, Dublin, Dublin, Ireland **Schedule**Full Time **Located Remotely?**N **Position Type** Non\-Management **POSITION SUMMARY** Our Utility Cleaners play an important role in support of a number of vital hotel functions. At our hotels these associates may work across departments (e.g., kitchen, food and beverage, laundry) to support...",https://ie.indeed.com/viewjob?jk=c55097a8e18db1fc
Principal Disaster Recovery Operations & Engineering Lead,Ekco,"Dublin, D, IE",2026-03-24,"**About Ekco** Founded in 2016, Ekco has quickly become one of Europe’s fastest\-growing cloud solution providers and your trusted security\-first Managed Service Provider. IT leaders choose Ekco to drive operational efficiency, scale smarter and stay ahead of risk – powered by local expertise, delivered at European scale. We specialise in helping organisations advance their cloud maturity guiding transformation, strengthening security, and maximising the value of their technology investments. ️...",https://ie.indeed.com/viewjob?jk=7c9866920d9469fa
Registered Architect,RIAI,"Dublin, D, IE",2026-03-24,"Location: Dublin Employer's Address 24 The Crescent, Monkstown, Co. Dublin Closing Date: 21 Apr 2026 Employer's Website https://www.studioduffy.ie/ Employer's Email careers@studioduffy.ie Job Description Studio Duffy, a long\-established architecture and interior design practice based in Monkstown, Dublin, is seeking an experienced Senior Architect to join our growing team. This is a key role within the practice, offering the opportunity to take real ownership of projects and play a central role...",https://ie.indeed.com/viewjob?jk=2e7f574def247b60
Sales Associate,The Bicester Village Shopping Collection,"Kildare, KE, IE",2026-03-24,"Overview: **Company Overview:** Sugar Plum Sweetery is a handmade chocolate, confectionary \& gifting business.. the viral chocolatier that everyone is talking about. Known for our whimsical creations, unforgettable flavours, and a touch of modern\-day magic, we’ve become one of the most sought\-after chocolate and sweet brands in the country. We have recently opened our very own **store at Kildare Village** — and we’re inviting you to be part of the story. This is a full time role. We will also...",https://ie.indeed.com/viewjob?jk=d5b782e7f349a0ef
Senior Implementation Engineer,ENEA,"Dublin, D, IE",2026-03-24,"Are you an experienced implementation engineer who enjoys solving complex integration challenges and working directly with customers? We're looking for a Senior Implementation Engineer to join our Customer Solutions \& Delivery team in Dublin, reporting to the Technical Program Manager, Customer Solutions \& Delivery. In this role, you will lead high\-impact deployments that help customers secure, optimize, and monetize their communication services. ##### **Role and Key Responsibilities** This r...",https://ie.indeed.com/viewjob?jk=168ee5141d92bec1
Senior ServiceNow HRSD Developer,The Clorox Company,"Dublin, D, IE",2026-03-24,"Clorox is the place that’s committed to growth – for our people and our brands. Guided by our purpose and values, and with people at the center of everything we do, we believe every one of us can make a positive impact on consumers, communities, and teammates. Join our team. \#CloroxIsThePlace**Your role at Clorox:** As a Senior ServiceNow Developer at Clorox, you will lead the design, configuration, and enhancement of ServiceNow HR Service Delivery (HRSD), Employee Center Pro, NowAssist in HR a...",https://ie.indeed.com/viewjob?jk=e12bc46c74f2e645
ServiceNow HRSD Developer (Entry Level),The Clorox Company,"Dublin, D, IE",2026-03-24,"Clorox is the place that’s committed to growth – for our people and our brands. Guided by our purpose and values, and with people at the center of everything we do, we believe every one of us can make a positive impact on consumers, communities, and teammates. Join our team. \#CloroxIsThePlace**Your role at Clorox:** As a ServiceNow Developer at Clorox, you will help design, configure, and enhance ServiceNow HR Service Delivery (HRSD), Employee Center Pro, and related integrations to deliver int...",https://ie.indeed.com/viewjob?jk=59b78e59833222c1
SharePoint Coordination Lead - REF: 2612,Fingleton White,"Dublin, D, IE",2026-03-24,"Fingleton White provide multidiscipline engineering services for the energy industry. We provide a full range of design, construction and commissioning services and are active across many sectors including Renewables, Gas Networks, Water, Energy \& Utilities, and Asset Management. The company is responsible for planning and development of some of the most significant projects in the energy sector in Ireland. We have 8 offices across Ireland, Northern Ireland, and England with over 200 staff. **W...",https://ie.indeed.com/viewjob?jk=b2415016a49137c0
"Staff Nurse, Dialysis Therapies Centre",Beaumont Hospital,"Dublin, D, IE",2026-03-24,"Overview: **Post Title:****Staff Nurse in Haemodialysis** **Post Status:**Permanent **Department**TUN Directorate. **Location:**Beaumont Hospital, Dublin 9 **Reports to:**Clinical Nurse Manager I/II/III and TUN Directorate Nurse Manager **Salary:**Appointment will be made on Staff Nurse Grade at a point in line with Government pay policy. **Hours of work:**37\.5 hours per week **Closing Date:**12 Noon 31/03/2026 (Please note the hospital reserves the right to close the competition early should a...",https://ie.indeed.com/viewjob?jk=eddf0e6e1485988d
Tax Resolutions Senior Associate/Assistant Manager,CBTax Limited,"Dublin, D, IE",2026-03-24,"**Role**: Tax Resolutions Associate / Senior Associate / Assistant Manager **Salary**: Negotiable **Location**: Manchester \&/or Dublin **About CBTax** CBTax is an award\-winning, global R\&D tax consultancy firm with offices in Manchester and Northampton in the UK, Dublin serving the Republic of Ireland, and our newest location in New York supporting the US market. As one of the fastest\-growing firms in our sector, we specialise in R\&D Tax Relief, partnering with businesses across many sector...",https://ie.indeed.com/viewjob?jk=170da61acb3c98cf
Trainee Hairdresser - Bray,Peter Mark,"Wicklow, WW, IE",2026-03-24,"**Peter Mark \- Bray** We want you to come and train with us if you aspire to be the best, have style and enjoy being creative. **If you are interested in working with us please read on‿‿‿** **Why work for us?** * Peter Mark’s long standing belief is to encourage and develop talent * You will also attend our Training Schools to complete training courses in line with our exceptional Peter Mark Career Path which covers every aspect of hairdressing * On completion of the training programme you will...",https://ie.indeed.com/viewjob?jk=7df9663f697a749d
"Rack Decomissioning Technician , DCC Communities, DECOM",Amazon.com,"Dublin, D, IE",2026-03-23,"**DESCRIPTION** --------------- The Decommissioning Technical team is responsible for processing and facilitating large scale legacy Data Center equipment through a liquidation process to ensure that targeted equipment is ready to be removed off premises. Team members will also process large volumes of customer data to ensure that all customer data is sanitized and properly managed. This position requires candidates to be a self\-starter, highly motivated individual who can adhere to strict proc...",https://ie.indeed.com/viewjob?jk=a52292df9c1531ef
